"region_id","region_name","rule_group","rule_priority","criterion_id","criterion_role","feature_name","source_product","source_field_or_derivation","operator","threshold_low","threshold_high","reference_value","unit","config_key","condition_expression","usable_with_current_local_data","code_status","threshold_basis","weight","description_cn","paper_body_pages","paper_pdf_pages","notes"
"0","Unknown","U0_FALLBACK","99","U0_01","fallback","no_confident_region","region classifier","all active region scores and hard gates","fallback","","","","","","no region in {1,2,3,4} passes confidence and conflict checks","1","classifier_logic_required","implementation_rule","0","ID 1–4 均无充分证据时输出 Unknown","not explicitly defined","not explicitly defined","Unknown 不是独立物理区域，不应由单一固定阈值触发"
"0","Unknown","U0_FALLBACK","99","U0_02","required","required_data_valid","SWEA svypad + STATIC c6-32e64m + MAG ss1s","nearest-time validity, quality flags, finite-value coverage","equal","","","false","boolean","","required_data_valid == false","1","partial_existing_status_fields","implementation_rule","0","关键数据缺失或质量不足时输出 Unknown","52-54","53-55","当前 PAD/shape/topology 输出已有 valid、reason、status 字段；STATIC 仍需统一质量标志"
"0","Unknown","U0_FALLBACK","99","U0_03","fallback","region_score_conflict","region classifier","top two region scores and hard-gate results","greater_equal","","","","","","abs(best_score - second_score) <= REGION_SCORE_TIE_MARGIN or multiple hard classifications pass","1","classifier_logic_required","calibration_required","0","多个区域同时满足且无法消除冲突时输出 Unknown","52-54","53-55","REGION_SCORE_TIE_MARGIN 需用标注事件校准"
"0","Unknown","U0_BOUNDARY","5","U0_04","support","boundary_proximity","MAG ss1s position + boundary models","minimum distance to bow shock, MPB, ionopause or PEB model","less_equal","","","","km","BOUNDARY_MARGIN_KM","min_abs_boundary_distance_km <= BOUNDARY_MARGIN_KM","0","missing_boundary_models","calibration_required","3","靠近主要边界时优先标记为过渡区/Unknown","52-54","53-55","本地有 MSO 位置，但尚未接入 bow shock、MPB、ionopause/PEB 模型"
"0","Unknown","U0_CURRENT_SHEET","4","U0_05","support","current_sheet_signature","MAG ss1s","rolling |B| minimum plus B-component sign reversal","custom","","","","","CURRENT_SHEET_WINDOW_S;CURRENT_SHEET_B_DIP_RATIO","nightside and b_magnitude_dip and magnetic_component_reversal","1","feature_extractor_required","calibration_required","4","夜侧 current sheet 中心不视为稳定 lobe，默认输出 Unknown","56","57","也可将 region_id 保留为 4 并另加 current_sheet 子标签"
"1","Solar wind","R1_SOLAR_WIND","10","R1_01","support","outside_bow_shock","MAG ss1s position + bow-shock model","MSO position relative to modeled bow shock","equal","","","true","boolean","","outside_bow_shock == true","0","missing_bow_shock_model","paper_geometry","4","位于弓激波外侧","49","50","模型接入后建议升级为 required"
"1","Solar wind","R1_SOLAR_WIND","10","R1_02","support","proton_peak_energy","STATIC c6-32e64m","H+ mass-band energy-flux peak energy","greater_than","1000","","1000","eV","","hplus_peak_energy_eV > 1000","1","feature_extractor_required","paper_threshold","4","太阳风质子漂移能量通常高于 1 keV","22,49","23,50","STATIC 已有 mass_arr、energy、eflux，需提取 H+ 质量带峰值"
"1","Solar wind","R1_SOLAR_WIND","10","R1_03","support","proton_beam_width","STATIC c6-32e64m","H+ energy-spectrum log-energy width","less_than","","","","dex","SOLAR_WIND_MAX_HPLUS_LOG_WIDTH","hplus_log_energy_width < SOLAR_WIND_MAX_HPLUS_LOG_WIDTH","1","feature_extractor_required","calibration_required","3","H+ 离子束较窄","49","50","论文未给出可直接编码的谱宽阈值"
"1","Solar wind","R1_SOLAR_WIND","10","R1_04","support","hplus_flux_fraction","STATIC c6-32e64m","H+ flux divided by total valid ion flux","greater_equal","","","0.95","fraction","HPLUS_DOMINANCE_MIN","hplus_flux_fraction >= HPLUS_DOMINANCE_MIN","1","feature_extractor_required","calibration_required","2","太阳风以 H+ 为主，典型组分约 95% H+","21","22","95% 是典型组分而非严格分类阈值，HPLUS_DOMINANCE_MIN 需校准"
"1","Solar wind","R1_SOLAR_WIND","10","R1_05","support","flow_speed","SWIA onboard survey moments","norm(velocity_mso)","between_inclusive","300","400","","km/s","","300 <= flow_speed_km_s <= 400","0","missing_local_swia_product","paper_typical_range","3","典型太阳风速度约 300–400 km/s","22,49","23,50","变量清单中存在 SWIA moments，但本地 data/maven/swi 产品缺失"
"1","Solar wind","R1_SOLAR_WIND","10","R1_06","support","proton_density","SWIA onboard survey moments","density","between_inclusive","1","3","","cm^-3","","1 <= proton_density_cm3 <= 3","0","missing_local_swia_product","paper_typical_range","2","典型太阳风质子密度约 1–3 cm^-3","22,49-52","23,50-53","当前本地数据不能执行"
"1","Solar wind","R1_SOLAR_WIND","10","R1_07","support","magnetic_field_magnitude","MAG ss1s","rolling median norm([Bx,By,Bz])","less_than","","5","2-4","nT","","b_magnitude_median_nT < 5","1","feature_extractor_required","paper_threshold","3","上游 IMF 通常低于约 5 nT","22,49","23,50","建议对短窗口取中位数，避免单点尖峰"
"1","Solar wind","R1_SOLAR_WIND","10","R1_08","support","magnetic_field_variability","MAG ss1s","rolling robust std(|B|) divided by rolling median(|B|)","less_than","","","","fraction","SOLAR_WIND_MAX_B_REL_STD","b_relative_std < SOLAR_WIND_MAX_B_REL_STD","1","feature_extractor_required","calibration_required","2","上游磁场相对平稳","49","50","论文未给出波动阈值"
"1","Solar wind","R1_SOLAR_WIND","10","R1_09","support","photoelectron_absent","shape_parameter_method","away_shape_class and toward_shape_class","equal","","","true","boolean","","away_shape_class == 'SWe' and toward_shape_class == 'SWe'","1","existing_derived_output","project_existing_rule","2","无稳定火星电离层光电子谱形","49","50","使用现有 Phe/SWe 方向谱分类"
"2","Magnetosheath","R2_MAGNETOSHEATH","20","R2_01","support","between_bow_shock_and_mpb","MAG ss1s position + boundary models","MSO position relative to bow shock and MPB","equal","","","true","boolean","","inside_bow_shock == true and outside_mpb == true","0","missing_bow_shock_and_mpb_models","paper_geometry","4","位于 bow shock 内侧、MPB 外侧","51","52","模型接入后建议升级为 required"
"2","Magnetosheath","R2_MAGNETOSHEATH","20","R2_02","support","hplus_dominant","STATIC c6-32e64m","H+ flux divided by total valid ion flux","greater_equal","","","","fraction","MAGNETOSHEATH_MIN_HPLUS_FRACTION","hplus_flux_fraction >= MAGNETOSHEATH_MIN_HPLUS_FRACTION","1","feature_extractor_required","calibration_required","2","磁鞘仍以太阳风 H+、He2+ 为主","51-53","52-54","靠近 MPB 时行星重离子比例会增加"
"2","Magnetosheath","R2_MAGNETOSHEATH","20","R2_03","support","broadened_proton_spectrum","STATIC c6-32e64m","H+ log-energy width relative to upstream baseline","greater_than","","","1","ratio","MAGNETOSHEATH_MIN_WIDTH_RATIO","hplus_log_energy_width / upstream_hplus_log_energy_width > MAGNETOSHEATH_MIN_WIDTH_RATIO","1","feature_extractor_required","calibration_required","4","弓激波后质子束显著展宽","51","52","需要同轨上游基线或事件级参考"
"2","Magnetosheath","R2_MAGNETOSHEATH","20","R2_04","support","flow_speed","SWIA onboard survey moments","norm(velocity_mso)","less_than","","100","100","km/s","","flow_speed_km_s < 100","0","missing_local_swia_product","paper_threshold","3","磁鞘流速可降至 100 km/s 以下","51-52","52-53","当前本地数据不能执行"
"2","Magnetosheath","R2_MAGNETOSHEATH","20","R2_05","support","density_compression","SWIA onboard survey moments","density divided by upstream density","greater_than","","","1","ratio","MAGNETOSHEATH_MIN_DENSITY_RATIO","proton_density_cm3 / upstream_proton_density_cm3 > MAGNETOSHEATH_MIN_DENSITY_RATIO","0","missing_local_swia_product","calibration_required","2","磁鞘密度高于太阳风，可压缩数倍","51-52","52-53","论文未给出统一倍数阈值"
"2","Magnetosheath","R2_MAGNETOSHEATH","20","R2_06","support","magnetic_compression","MAG ss1s","rolling median |B| divided by upstream |B|","greater_than","","","1","ratio","MAGNETOSHEATH_MIN_B_RATIO","b_magnitude_median_nT / upstream_b_magnitude_nT > MAGNETOSHEATH_MIN_B_RATIO","1","feature_extractor_required","calibration_required","3","磁鞘磁场比上游增强，典型可达约 4 倍","51-52","52-53","约 4 倍是典型描述，不作为固定硬阈值"
"2","Magnetosheath","R2_MAGNETOSHEATH","20","R2_07","support","magnetic_turbulence","MAG ss1s","rolling robust std(|B|) divided by rolling median(|B|)","greater_than","","","","fraction","MAGNETOSHEATH_MIN_B_REL_STD","b_relative_std > MAGNETOSHEATH_MIN_B_REL_STD","1","feature_extractor_required","calibration_required","3","磁鞘磁场波动和湍动增强","51-52","52-53","需用已知磁鞘事件校准"
"2","Magnetosheath","R2_MAGNETOSHEATH","20","R2_08","support","photoelectron_absent","shape_parameter_method","away_shape_class and toward_shape_class","equal","","","true","boolean","","away_shape_class == 'SWe' and toward_shape_class == 'SWe'","1","existing_derived_output","project_existing_rule","2","磁鞘通常无稳定电离层光电子峰","51","52","不能单独作为磁鞘判据"
"3","Ionosphere","R3_DAYSIDE_IONOSPHERE","30","R3D_01","required","dayside","PAD_score_method from MAG ss1s position","sza_deg","less_than","","90","90","deg","","sza_deg < 90","1","existing_derived_output","geometry_definition","0","日侧电离层分支","32-35,54-56","33-36,55-57","日侧规则要求光电子证据；终止线附近可另设缓冲带"
"3","Ionosphere","R3_DAYSIDE_IONOSPHERE","30","R3D_02","support","ionospheric_altitude","PAD_score_method from MAG ss1s position","altitude_km","between_inclusive","100","400","","km","","100 <= altitude_km <= 400","1","existing_derived_output","paper_typical_range","3","论文给出的电离层大致高度范围为 100–400 km","32","33","不是严格几何边界，不建议作为唯一 required 条件"
"3","Ionosphere","R3_DAYSIDE_IONOSPHERE","30","R3D_03","support","planetary_heavy_ion_dominance","STATIC c6-32e64m","combined O+, O2+ and CO2+ flux fraction","greater_equal","","","","fraction","IONOSPHERE_MIN_HEAVY_ION_FRACTION","planetary_heavy_ion_flux_fraction >= IONOSPHERE_MIN_HEAVY_ION_FRACTION","1","feature_extractor_required","calibration_required","5","O2+、O+、CO2+ 等行星重离子占优","34,54-55","35,55-56","STATIC 质量分辨率需先验证 O2+ 与 CO2+ 的可分性"
"3","Ionosphere","R3_DAYSIDE_IONOSPHERE","30","R3D_04","support","cold_planetary_ion_energy","STATIC c6-32e64m","planetary-heavy-ion energy-flux peak","less_than","","10","10","eV","","heavy_ion_peak_energy_eV < 10","1","feature_extractor_required","paper_threshold","4","进入电离层时离子能量可降至约 10 eV 以下","54-55","55-56","需处理 STATIC spacecraft potential 和最低能道有效性"
"3","Ionosphere","R3_DAYSIDE_IONOSPHERE","30","R3D_05","support","photoelectron_present","shape_parameter_method","away_shape_class and toward_shape_class","equal","","","true","boolean","","away_shape_class == 'Phe' or toward_shape_class == 'Phe'","1","existing_derived_output","project_existing_rule","5","20–30 eV 光电子谱形是日侧电离层的重要 tracer","54-55","55-56","当前 shape parameter 是方向谱判据"
"3","Ionosphere","R3_DAYSIDE_IONOSPHERE","30","R3D_06","support","superthermal_electron_suppression","magnetic_topology_table_method","superthermal_electron_void","equal","","","true","boolean","","superthermal_electron_void == true","1","existing_derived_output","project_current_threshold","3","30 eV 以上电子通量下降支持电离层判断","55","56","当前项目在约 40 eV 使用绝对通量阈值 1e5；需用标注数据复核"
"3","Ionosphere","R3_DAYSIDE_IONOSPHERE","30","R3D_07","support","inside_ionopause_or_peb","MAG ss1s position + ionopause/PEB model","position relative to modeled boundary","equal","","","true","boolean","","inside_ionopause_or_peb == true","0","missing_ionopause_peb_model","paper_geometry","3","位于 ionopause/PEB 内侧","54-55","55-56","论文指出 ionopause 与 PEB 不一定共位"
"3","Ionosphere","R3_NIGHTSIDE_IONOSPHERE","31","R3N_01","required","nightside","PAD_score_method from MAG ss1s position","sza_deg","greater_equal","90","","90","deg","","sza_deg >= 90","1","existing_derived_output","geometry_definition","0","夜侧电离层分支","62-64","63-65","夜侧不能要求光电子峰"
"3","Ionosphere","R3_NIGHTSIDE_IONOSPHERE","31","R3N_02","support","ionospheric_altitude","PAD_score_method from MAG ss1s position","altitude_km","between_inclusive","100","400","","km","","100 <= altitude_km <= 400","1","existing_derived_output","paper_typical_range","4","低高度支持夜侧电离层判断","32,62-64","33,63-65","夜侧边界更不规则"
"3","Ionosphere","R3_NIGHTSIDE_IONOSPHERE","31","R3N_03","support","planetary_heavy_ion_dominance","STATIC c6-32e64m","combined O+, O2+ and CO2+ flux fraction","greater_equal","","","","fraction","IONOSPHERE_MIN_HEAVY_ION_FRACTION","planetary_heavy_ion_flux_fraction >= IONOSPHERE_MIN_HEAVY_ION_FRACTION","1","feature_extractor_required","calibration_required","5","行星重离子是区分夜侧电离层与 lobe 的核心证据","34,62-64","35,63-65","夜侧光电子可能缺失，因此提高重离子证据权重"
"3","Ionosphere","R3_NIGHTSIDE_IONOSPHERE","31","R3N_04","support","cold_planetary_ion_energy","STATIC c6-32e64m","planetary-heavy-ion energy-flux peak","less_than","","10","10","eV","","heavy_ion_peak_energy_eV < 10","1","feature_extractor_required","paper_threshold","4","冷的低能行星离子支持电离层","54-55,62-64","55-56,63-65","与 current/plasma sheet 中 keV 级行星离子区分"
"3","Ionosphere","R3_NIGHTSIDE_IONOSPHERE","31","R3N_05","support","electron_depletion","magnetic_topology_table_method","superthermal_electron_void","equal","","","true","boolean","","superthermal_electron_void == true","1","existing_derived_output","project_current_threshold","2","夜侧电离层可出现显著 electron depletion","62-64","63-65","低电子通量不能单独区分夜侧电离层和 lobe"
"3","Ionosphere","R3_NIGHTSIDE_IONOSPHERE","31","R3N_06","reject","solar_wind_narrow_beam","STATIC c6-32e64m","H+ peak energy and log-energy width","equal","","","true","boolean","SOLAR_WIND_MAX_HPLUS_LOG_WIDTH","hplus_peak_energy_eV > 1000 and hplus_log_energy_width < SOLAR_WIND_MAX_HPLUS_LOG_WIDTH","1","feature_extractor_required","mixed_paper_and_calibration","0","存在典型高速窄太阳风束时拒绝夜侧电离层规则","49","50","reject 条件命中即淘汰该 rule_group"
"4","Magnetic lobes","R4_MAGNETIC_LOBE","40","R4_01","required","nightside","PAD_score_method from MAG ss1s position","sza_deg","greater_equal","90","","90","deg","","sza_deg >= 90","1","existing_derived_output","geometry_definition","0","磁尾 lobe 必须位于夜侧","56","57","SZA 来自 MSO 位置"
"4","Magnetic lobes","R4_MAGNETIC_LOBE","40","R4_02","support","tailward_position","MAG ss1s position","x_mso_km","less_than","","0","0","km","","x_mso_km < 0","1","feature_extractor_required","geometry_definition","3","位于反太阳方向磁尾","56","57","x_mso_km 尚未写入当前融合 CSV，但原始 MAG 可直接提供"
"4","Magnetic lobes","R4_MAGNETIC_LOBE","40","R4_03","support","inside_tail_boundary","MAG ss1s position + wake/MPB extension model","position relative to modeled tail boundary","equal","","","true","boolean","","inside_tail_boundary == true","0","missing_tail_boundary_model","paper_geometry","3","位于 bow shock 内侧的诱导磁尾","56","57","模型接入后可提高权重"
"4","Magnetic lobes","R4_MAGNETIC_LOBE","40","R4_04","support","lobe_magnetic_field_strength","MAG ss1s","rolling median norm([Bx,By,Bz])","approximately","","","10","nT","LOBE_B_MIN_NT;LOBE_B_MAX_NT","LOBE_B_MIN_NT <= b_magnitude_median_nT <= LOBE_B_MAX_NT","1","feature_extractor_required","calibration_required","3","lobe 磁场典型约 10 nT","56","57","论文只给典型值，范围必须用标注事件校准"
"4","Magnetic lobes","R4_MAGNETIC_LOBE","40","R4_05","support","ordered_magnetic_field","MAG ss1s","rolling directional dispersion and relative |B| std","less_than","","","","deg/fraction","LOBE_MAX_DIRECTION_DISPERSION_DEG;LOBE_MAX_B_REL_STD","b_direction_dispersion_deg < LOBE_MAX_DIRECTION_DISPERSION_DEG and b_relative_std < LOBE_MAX_B_REL_STD","1","feature_extractor_required","calibration_required","4","单个 lobe 内磁场相对稳定、有序","56","57","应使用时间窗口而非单点"
"4","Magnetic lobes","R4_MAGNETIC_LOBE","40","R4_06","support","stable_to_away_polarity","MAG ss1s","rolling sign and stability of Bx_MSO","equal","","","true","boolean","LOBE_MIN_ABS_BX_NT;LOBE_MAX_POLARITY_FLIP_RATE","abs(bx_mso_median_nT) >= LOBE_MIN_ABS_BX_NT and bx_polarity_flip_rate <= LOBE_MAX_POLARITY_FLIP_RATE","1","feature_extractor_required","calibration_required","4","磁场具有稳定太阳向或反太阳向极性","56","57","不要复用现有 field_direction；该字段相对火星径向，不等同于太阳向/反太阳向"
"4","Magnetic lobes","R4_MAGNETIC_LOBE","40","R4_07","support","photoelectron_absent","shape_parameter_method","away_shape_class and toward_shape_class","equal","","","true","boolean","","away_shape_class == 'SWe' and toward_shape_class == 'SWe'","1","existing_derived_output","project_existing_rule","2","lobe 通常缺少稳定日侧光电子谱形","49,56","50,57","低电子通量本身不能区分 lobe 与夜侧电离层"
"4","Magnetic lobes","R4_MAGNETIC_LOBE","40","R4_08","reject","solar_wind_narrow_beam","STATIC c6-32e64m","H+ peak energy and log-energy width","equal","","","true","boolean","SOLAR_WIND_MAX_HPLUS_LOG_WIDTH","hplus_peak_energy_eV > 1000 and hplus_log_energy_width < SOLAR_WIND_MAX_HPLUS_LOG_WIDTH","1","feature_extractor_required","mixed_paper_and_calibration","0","存在典型上游高速窄质子束时拒绝 lobe 规则","49,56","50,57","reject 条件命中即淘汰该 rule_group"
"4","Magnetic lobes","R4_MAGNETIC_LOBE","40","R4_09","reject","current_sheet_signature","MAG ss1s","rolling |B| minimum plus B-component sign reversal","equal","","","true","boolean","CURRENT_SHEET_WINDOW_S;CURRENT_SHEET_B_DIP_RATIO","b_magnitude_dip and magnetic_component_reversal","1","feature_extractor_required","calibration_required","0","current sheet 中心不作为稳定 lobe","56","57","命中后转入 U0_CURRENT_SHEET，或另设子标签"
